{"cameraMode":{"drawMode":0,"name":"Shaded","section":"Shading Mode"},"sceneLighting":true,"audioPlay":false,"sceneViewState":{"showFog":true,"showMaterialUpdate":false,"showSkybox":true,"showFlares":true,"showImageEffects":true,"showParticleSystems":true},"in2DMode":false,"pivot":{"x":13.034515380859375,"y":-1.676269769668579,"z":-4.731033802032471},"rotation":{"x":-0.06524566560983658,"y":0.05684737116098404,"z":-0.00372303556650877,"w":-0.9962417483329773},"size":13.51111888885498,"orthographic":false}