{"cameraMode":{"drawMode":0,"name":"Shaded","section":"Shading Mode"},"sceneLighting":false,"audioPlay":false,"sceneViewState":{"showFog":true,"showMaterialUpdate":false,"showSkybox":false,"showFlares":true,"showImageEffects":true,"showParticleSystems":true},"in2DMode":false,"pivot":{"x":-9.258404731750489,"y":-0.5039739608764648,"z":2.9970226287841799},"rotation":{"x":0.07703104615211487,"y":-0.6264720559120178,"z":0.06242015212774277,"w":0.7731123566627502},"size":13.188774108886719,"orthographic":false}