{"cameraMode":{"drawMode":0,"name":"Shaded","section":"Shading Mode"},"sceneLighting":true,"audioPlay":false,"sceneViewState":{"showFog":true,"showMaterialUpdate":false,"showSkybox":true,"showFlares":true,"showImageEffects":true,"showParticleSystems":true},"in2DMode":false,"pivot":{"x":-16.76598358154297,"y":1.3822219371795655,"z":1.120816707611084},"rotation":{"x":0.06453096866607666,"y":0.13705891370773316,"z":0.008928442373871804,"w":-0.988418459892273},"size":7.36422872543335,"orthographic":false}