{"cameraMode":{"drawMode":0,"name":"Shaded","section":"Shading Mode"},"sceneLighting":true,"audioPlay":false,"sceneViewState":{"showFog":true,"showMaterialUpdate":false,"showSkybox":true,"showFlares":true,"showImageEffects":true,"showParticleSystems":true},"in2DMode":false,"pivot":{"x":-0.09958618879318237,"y":0.8873047828674316,"z":0.1443958282470703},"rotation":{"x":-0.21444278955459596,"y":-0.040426384657621387,"z":0.008883614093065262,"w":-0.9758591651916504},"size":8.058903694152832,"orthographic":false}