{"cameraMode":{"drawMode":0,"name":"Shaded","section":"Shading Mode"},"sceneLighting":true,"audioPlay":false,"sceneViewState":{"showFog":true,"showMaterialUpdate":false,"showSkybox":true,"showFlares":true,"showImageEffects":true,"showParticleSystems":true},"in2DMode":false,"pivot":{"x":219.57797241210938,"y":-7.659762382507324,"z":324.30902099609377},"rotation":{"x":-0.2422349900007248,"y":0.03258924558758736,"z":-0.008141537196934224,"w":-0.9696359634399414},"size":1103.76416015625,"orthographic":false}