{"cameraMode":{"drawMode":0,"name":"Shaded","section":"Shading Mode"},"sceneLighting":true,"audioPlay":false,"sceneViewState":{"showFog":true,"showMaterialUpdate":false,"showSkybox":true,"showFlares":true,"showImageEffects":true,"showParticleSystems":true},"in2DMode":false,"pivot":{"x":516.0430908203125,"y":210.5328369140625,"z":518.8060302734375},"rotation":{"x":-0.045297496020793918,"y":0.002094680443406105,"z":-0.00009513127588434145,"w":-0.9989714026451111},"size":1193.279052734375,"orthographic":false}