{"cameraMode":{"drawMode":0,"name":"Shaded","section":"Shading Mode"},"sceneLighting":true,"audioPlay":false,"sceneViewState":{"showFog":true,"showMaterialUpdate":false,"showSkybox":true,"showFlares":true,"showImageEffects":true,"showParticleSystems":true},"in2DMode":false,"pivot":{"x":247.22506713867188,"y":180.16433715820313,"z":0.0},"rotation":{"x":-0.04868604242801666,"y":-0.06527814269065857,"z":0.003188865026459098,"w":-0.9966738820075989},"size":177.4852294921875,"orthographic":false}