{"cameraMode":{"drawMode":0,"name":"Shaded","section":"Shading Mode"},"sceneLighting":false,"audioPlay":false,"sceneViewState":{"showFog":true,"showMaterialUpdate":false,"showSkybox":false,"showFlares":true,"showImageEffects":true,"showParticleSystems":true},"in2DMode":false,"pivot":{"x":-0.1748419553041458,"y":0.0049991607666015629,"z":1.2905329465866089},"rotation":{"x":0.1830156147480011,"y":-0.4144984781742096,"z":0.08549090474843979,"w":0.8873487114906311},"size":19.60911750793457,"orthographic":false}