{"cameraMode":{"drawMode":0,"name":"Shaded","section":"Shading Mode"},"sceneLighting":false,"audioPlay":false,"sceneViewState":{"showFog":true,"showMaterialUpdate":false,"showSkybox":false,"showFlares":true,"showImageEffects":true,"showParticleSystems":true},"in2DMode":false,"pivot":{"x":-2401.36669921875,"y":0.6966672539710999,"z":1607.9237060546875},"rotation":{"x":-0.03327438235282898,"y":0.9147603511810303,"z":-0.07702109217643738,"w":-0.39518868923187258},"size":11.59617805480957,"orthographic":false}