{"cameraMode":{"drawMode":0,"name":"Shaded","section":"Shading Mode"},"sceneLighting":false,"audioPlay":false,"sceneViewState":{"showFog":true,"showMaterialUpdate":false,"showSkybox":false,"showFlares":true,"showImageEffects":true,"showParticleSystems":true},"in2DMode":false,"pivot":{"x":-0.1748419553041458,"y":0.0049991607666015629,"z":1.2905329465866089},"rotation":{"x":0.3156574070453644,"y":-0.2238883525133133,"z":0.07691264152526856,"w":0.9188682436943054},"size":31.145097732543947,"orthographic":false}