{"cameraMode":{"drawMode":0,"name":"Shaded","section":"Shading Mode"},"sceneLighting":false,"audioPlay":false,"sceneViewState":{"showFog":true,"showMaterialUpdate":false,"showSkybox":false,"showFlares":true,"showImageEffects":true,"showParticleSystems":true},"in2DMode":false,"pivot":{"x":-242.99951171875,"y":505.8000183105469,"z":806.499755859375},"rotation":{"x":-0.26023370027542117,"y":0.3739869296550751,"z":-0.11017845571041107,"w":-0.8833305835723877},"size":7850.06103515625,"orthographic":false}